{"cameraMatrix": [[2496.4837618528045, 0.0, 660.5620705983563], [0.0, 2514.777801936954, 324.32544310926386], [0.0, 0.0, 1.0]], "cameraDist": [[0.9861116762920178, -55.04366716454352, -0.00391448234532314, -0.017736113424244825, 612.644075579464]]}